Name,Phone,Address,Balance,Role
Brian Brown,+1-885-701-2492x844,5089 Steven Keys Davistown CO 21567,5679.59,Buyer
Tim Tyler,+1-618-165-7227x644,2941 Keith Creek Lake Christopherchester TN 61972,508.1,Buyer
Jesse Oneill,001-583-601-1424x76844,971 Brad Flats Apt. 200 New Amandamouth LA 87740,440.64,Buyer
Joseph Diaz,001-402-343-5495x151,19551 Kathy Run Olsonland KY 34547,1398.89,Buyer
Christopher Hammond,+1-217-921-2350x09904,66408 James Stream Apt. 839 Curtisburgh ME 66036,698.89,Buyer
Henry Gilmore,+1-081-466-7137x62986,0338 Diaz Lake Apt. 344 South Christopherside MA 25963,8817.69,Buyer
Christine Smith,158-104-3008x265,277 Richard Skyway Apt. 445 Joshuaborough NV 51186,8651.26,Buyer
Justin Meyer,385.547.9769,925 Mark Drives Port Vincentstad AR 98186,7302.1,Buyer
Kimberly Mitchell,7920296811,533 Lisa Manors Apt. 862 New Karen AR 16301,9503.16,Buyer
Gabino Barrera,1-888-888-8888,2244 Happy Place,1000,Buyer
Amanda Jones,880-873-1083x62141,221 Rebecca Stream New Alexander MA 79058,644.36,Seller
Melissa Price,(117)497-0799x785,Unit 1448 Box 6973 DPO AA 75885,7657.82,Seller
Kelsey Powell,154.166.4219,525 Kathleen Crescent Apt. 583 Tammyville MD 06315,6165.21,Seller
Cassandra Wright,(407)139-2045x843,999 John Stream Apt. 669 Nathanberg WI 43831,7692.18,Seller
Matthew Bowman,823.917.9410,299 Amy Court Apt. 028 Andersonbury UT 53172,379.1,Seller
Robert Gibson,904.220.7569x0132,726 Reid Walk Suite 278 Lake Anthony MD 07276,7257.97,Seller
Amanda Norris,236-715-3498,170 Harrison Shore Apt. 464 New Sabrina OH 06592,184.92,Seller
Tammy Hunt,711-401-3973x9720,4310 Walker Highway Suite 133 Lake Markfort NE 08067,3141.65,Seller
William Freeman,+1-243-727-0716x08250,223 Justin Ford Cynthiaburgh MI 77269,7770.13,Seller
Kristi Wilson,6322942396,043 Smith Keys Suite 567 Lake Heatherbury NE 05764,3532.63,Seller
Debra Parsons,142.309.5181,2210 Branch Prairie Apt. 514 Hallshire TX 16899,6762.84,Seller
Gavin Hanville,1-736-234-2343,53145 Adler St.,1000,Seller
Gavin Hanville,1-736-234-2343,53145 Adler St.,1000,Buyer
James Brown,0987-0978-0988,1238 Lane,1000,Seller
Yatharth,7193239156,510 Table Mesa,1000,Buyer
Yatharth,7193239156,Table mesa,1000,Seller
